column_0	column_1	column_2
0	*mujica02	*ano0000
1	*mujica03	*ano0000
2	*mujica04	*ano0000
3	*mujica05	*ano0000
4	*mujica06	*ano0000
5	*mujica07	*ano0000
6	*mujica08	*ano0000
7	*mujica09	*ano0000
8	*mujica12	*ano0000
9	*mujica13	*ano0000
10	*mujica14	*ano0000
11	*mujica15	*ano0000
12	*mujica16	*ano0000
13	*mujica17	*ano0000
14	*mujica18	*ano0000
15	*mujica19	*ano0000
16	*mujica20	*ano0000
17	*mujica21	*ano0000
18	*mujica22	*ano0000
19	*mujica23	*ano0000
20	*mujica24	*ano0000
21	*mujica25	*ano0000
22	*mujica26	*ano0000
23	*mujica27	*ano0000
24	*mujica28	*ano0000
25	*mujica29	*ano0000
26	*mujica30	*ano0000
27	*mujica31	*ano0000
28	*mujica32	*ano0000
29	*mujica33	*ano0000
30	*mujica35	*ano0000
31	*mujica36	*ano0000
32	*mujica37	*ano0000
33	*mujica38	*ano0000
34	*mujica39	*ano0000
35	*mujica40	*ano0000
36	*mujica41	*ano0000
37	*mujica42	*ano0000
38	*mujica43	*ano0000
39	*mujica44	*ano0000
40	*mujica45	*ano0000
41	*mujica46	*ano0000
42	*mujica47	*ano0000
43	*mujica48	*ano0000
44	*mujica49	*ano0000
45	*mujica50	*ano0000
46	*mujica51	*ano0000
47	*mujica52	*ano0000
48	*mujica54	*ano0000
49	*mujica55	*ano0000
50	*mujica56	*ano0000
51	*mujica57	*ano0000
52	*mujica58	*ano0000
53	*mujica59	*ano0000
54	*mujica60	*ano0000
55	*mujica61	*ano0000
56	*mujica62	*ano0000
57	*mujica63	*ano0000
58	*mujica64	*ano0000
59	*mujica65	*ano0000
60	*mujica66	*ano0000
61	*mujica67	*ano0000
62	*mujica68	*ano0000
63	*mujica69	*ano0000
64	*mujica70	*ano0000
65	*mujica71	*ano0000
66	*mujica72	*ano0000
67	*mujica73	*ano0000
68	*mujica74	*ano0000
69	*mujica75	*ano0000
70	*mujica76	*ano0000
71	*mujica77	*ano0000
72	*mujica78	*ano0000
73	*mujica79	*ano0000
74	*mujica80	*ano0000
75	*mujica81	*ano0000
76	*mujica82	*ano0000
77	*mujica83	*ano0000
78	*mujica84	*ano0000
79	*mujica85	*ano0000
80	*mujica86	*ano0000
81	*mujica87	*ano0000
82	*mujica88	*ano0000
83	*mujica90	*ano0000
84	*mujica91	*ano0000
85	*mujica92	*ano0000
86	*mujica93	*ano0000
87	*mujica94	*ano0000
88	*mujica95	*ano0000
89	*mujica96	*ano0000
90	*mujica97	*ano0000
91	*mujica98	*ano0000
92	*mujica99	*ano0000
93	*mujica100	*ano0000
94	*mujica101	*ano0000
95	*mujica102	*ano0000
96	*mujica103	*ano0000
97	*mujica104	*ano0000
98	*mujica105	*ano0000